h,pos1y (2h),pos1y (h),pos1y (h/2),ordem p
0.11719,-0.02928,0.35841,0.35803,9.99387
0.05859,0.35841,0.35803,0.35689,-1.58234
0.0293,0.35803,0.35689,0.35567,-0.10029
0.01465,0.35689,0.35567,0.35489,0.64574
