h,pos1y(2h),{col}(h),{col}(h/2),ordem
0.03125,6.1181,0.18986,0.31083,5.6149
0.01563,0.18986,0.31083,0.31429,5.12719
0.00781,0.31083,0.31429,0.31442,4.72314
0.00391,0.31429,0.31442,0.31442,4.59087
