h,pos2y(2h),{col}(h),{col}(h/2),ordem
0.03125,-8.00064,-1.00983,-1.07607,6.72157
0.01563,-1.00983,-1.07607,-1.07788,5.19221
0.00781,-1.07607,-1.07788,-1.07795,4.73125
0.00391,-1.07788,-1.07795,-1.07795,4.60167
