h,pos2y (2h),pos2y (h),pos2y (h/2),ordem p
0.11719,-0.65468,1.07437,1.07701,9.35144
0.05859,1.07437,1.07701,1.07888,0.50319
0.0293,1.07701,1.07888,1.07961,1.34999
0.01465,1.07888,1.07961,1.07992,1.24598
