h,pos2x (2h),pos2x (h),pos2x (h/2),ordem p
0.11719,0.27216,-0.309,-0.3091,12.46694
0.05859,-0.309,-0.3091,-0.32076,-6.82762
0.0293,-0.3091,-0.32076,-0.32635,1.0596
0.01465,-0.32076,-0.32635,-0.329,1.08276
