h,pos1x (2h),pos1x (h),pos1x (h/2),ordem p
0.11719,-0.28717,-0.42757,-0.42497,5.75596
0.05859,-0.42757,-0.42497,-0.45508,-3.53469
0.0293,-0.42497,-0.45508,-0.47123,0.89938
0.01465,-0.45508,-0.47123,-0.47934,0.99311
