h,pos3x(2h),{col}(h),{col}(h/2),ordem
0.03125,15.98805,0.22709,0.4302,6.27792
0.01563,0.22709,0.4302,0.43786,4.7292
0.00781,0.4302,0.43786,0.43816,4.69679
0.00391,0.43786,0.43816,0.43817,4.57922
