h,pos3y (2h),pos3y (h),pos3y (h/2),ordem p
0.11719,-0.24288,-0.04941,-0.04893,8.64626
0.05859,-0.04941,-0.04893,-0.03613,-4.72818
0.0293,-0.04893,-0.03613,-0.02931,0.90928
0.01465,-0.03613,-0.02931,-0.02589,0.99411
