h,pos1x(2h),{col}(h),{col}(h/2),ordem
0.03125,-7.98741,0.78274,0.64587,6.0017
0.01563,0.78274,0.64587,0.64002,4.54923
0.00781,0.64587,0.64002,0.63979,4.68628
0.00391,0.64002,0.63979,0.63978,4.57254
